anio,trimestre,carroceria,cantidad_vehiculos
2014,1,suv,59
2014,1,sedan,57
2014,1,hatchback,11
2014,1,supercrew,8
2014,1,minivan,5
2014,1,coupe,3
2014,1,convertible,3
2014,1,wagon,1
2014,1,"crew cab",1
2014,1,"regular cab",1
2014,4,sedan,9918
2014,4,suv,4329
2014,4,hatchback,1189
2014,4,minivan,815
2014,4,coupe,630
2014,4,wagon,436
2014,4,"crew cab",424
2014,4,convertible,356
2014,4,"g sedan",330
2014,4,supercrew,209
2014,4,van,145
2014,4,"e-series van",103
2014,4,"quad cab",100
2014,4,"Sin dato",81
2014,4,"double cab",76
2014,4,"g coupe",72
2014,4,"regular cab",60
2014,4,supercab,57
2014,4,"extended cab",45
2014,4,"crewmax cab",25
2014,4,"genesis coupe",18
2014,4,"access cab",11
2014,4,"king cab",10
2014,4,"cts coupe",6
2014,4,"q60 coupe",6
2014,4,koup,6
2014,4,"elantra coupe",5
2014,4,"q60 convertible",5
2014,4,"g convertible",4
2014,4,"cts-v coupe",3
2014,4,"tsx sport wagon",2
2014,4,"mega cab",1
2014,4,"promaster cargo van",1
2014,4,"beetle convertible",1
2015,1,sedan,86221
2015,1,suv,41196
2015,1,hatchback,10114
2015,1,minivan,9235
2015,1,coupe,4605
2015,1,"crew cab",4074
2015,1,wagon,4024
2015,1,"g sedan",3270
2015,1,supercrew,2648
2015,1,convertible,2396
2015,1,van,1656
2015,1,"Sin dato",1251
2015,1,"regular cab",1096
2015,1,"e-series van",936
2015,1,"quad cab",725
2015,1,supercab,689
2015,1,"double cab",633
2015,1,"g coupe",617
2015,1,"extended cab",443
2015,1,"crewmax cab",154
2015,1,"genesis coupe",122
2015,1,"g convertible",84
2015,1,"king cab",71
2015,1,"cts coupe",69
2015,1,koup,66
2015,1,"access cab",62
2015,1,"elantra coupe",50
2015,1,"promaster cargo van",40
2015,1,"beetle convertible",40
2015,1,"q60 convertible",31
2015,1,"tsx sport wagon",20
2015,1,"q60 coupe",20
2015,1,"mega cab",14
2015,1,"cts-v coupe",12
2015,1,"cts wagon",2
2015,1,"granturismo convertible",2
2015,1,"cts-v wagon",1
2015,1,"transit van",1
2015,2,sedan,44801
2015,2,suv,23001
2015,2,hatchback,5665
2015,2,minivan,3890
2015,2,coupe,2500
2015,2,"crew cab",2337
2015,2,"g sedan",2033
2015,2,wagon,1959
2015,2,convertible,1440
2015,2,supercrew,1408
2015,2,van,718
2015,2,"e-series van",627
2015,2,"Sin dato",617
2015,2,"regular cab",544
2015,2,"g coupe",469
2015,2,"double cab",386
2015,2,supercab,344
2015,2,"quad cab",294
2015,2,"extended cab",213
2015,2,"crewmax cab",101
2015,2,"g convertible",84
2015,2,"genesis coupe",68
2015,2,"elantra coupe",47
2015,2,"king cab",43
2015,2,"access cab",43
2015,2,"cts coupe",42
2015,2,koup,36
2015,2,"mega cab",23
2015,2,"promaster cargo van",18
2015,2,"beetle convertible",18
2015,2,"transit van",16
2015,2,"q60 coupe",10
2015,2,"tsx sport wagon",9
2015,2,"cts-v coupe",7
2015,2,"q60 convertible",6
2015,2,"granturismo convertible",4
2015,2,"cts wagon",1
2015,3,sedan,323
2015,3,suv,203
2015,3,hatchback,44
2015,3,coupe,40
2015,3,minivan,34
2015,3,"crew cab",31
2015,3,supercrew,25
2015,3,convertible,20
2015,3,wagon,14
2015,3,"double cab",12
2015,3,"g sedan",9
2015,3,"regular cab",7
2015,3,van,6
2015,3,"g coupe",6
2015,3,"e-series van",4
2015,3,"Sin dato",3
2015,3,"quad cab",3
2015,3,supercab,2
2015,3,"transit van",2
2015,3,"extended cab",1
2015,3,"g convertible",1
2015,3,"king cab",1
2015,3,"access cab",1
2015,3,"crewmax cab",1
